city,real_farmer_count,real_prod_area_ha,natural_collect_area_ha,resting_terrain_ha,total_area_ha,prod_quant_tonnes,year,yield_tonnes_per_hectar,geo_group
ADANA,170,778.6883000000001,1490,0.233,2268.9213,18699.203475134,2014,8.242,akdeniz
ADIYAMAN,94,446.89555699999994,0,0,446.89555699999994,2333.0200182958997,2014,5.221,guneydogu_anadolu
AFYONKARAHISAR,248,1058.9791,0,29.361000000000004,1088.3401000000001,7777.985008500001,2014,7.345,ege
AGRI,1473,28986.025899999993,0,415.7547,29401.780599999995,85151.58859121021,2014,2.938,dogu_anadolu
AKSARAY,1,0.555,0,0.054000000000000006,0.6090000000000001,0.55500001,2014,1,ic_anadolu
AMASYA,8,7.079199999999999,1200,0,1207.0792,131.8190000985,2014,0.109,karadeniz
ANKARA,34,2116.9836,0,15.1655,2132.1490999999996,8585.544162392001,2014,4.056,ic_anadolu
ANTALYA,39,111.07130000000001,12310,0,12421.071300000001,3188.00600007,2014,0.257,akdeniz
ARDAHAN,275,1495.7196000000004,0,2.9403,1498.6599,4029.24336078,2014,2.694,dogu_anadolu
ARTVIN,548,1186.4860000000003,0,0,1186.4860000000003,4205.428000649999,2014,3.544,karadeniz
AYDIN,4231,20953.446860000004,700,41.2003,21694.647160000004,80300.1621355427,2014,3.708,ege
BALIKESIR,71,812.8815,0,18.708,831.5895,1874.9239982101,2014,2.307,marmara
BARTIN,11,1.1768000000000003,1000,0,1001.1768,14.54799999,2014,0.015,karadeniz
BATMAN,13,662.7461000000001,0,0,662.7461000000001,1769.5300100000002,2014,2.67,guneydogu_anadolu
BAYBURT,113,1102.3427000000004,0,180.91610000000003,1283.2588000000005,6134.90208872,2014,5.565,karadeniz
BILECIK,60,92.03840000000001,0,1.5997000000000001,93.63810000000001,1801.1549971391003,2014,19.57,marmara
BITLIS,371,4721.42355,1019.614,647.09745,6388.135000000001,20033.225625799998,2014,3.489,dogu_anadolu
BOLU,8,19.558199999999996,60,14.1197,94.406,125.63031900000001,2014,1.579,karadeniz
BURDUR,60,158.9336,0,0,158.9336,707.9709896180001,2014,4.455,akdeniz
BURSA,108,882.6003999999999,4.6616,39.955200000000005,927.2171999999999,4992.6549932078015,2014,5.627,marmara
CANAKKALE,334,1956.8225000000002,0,144.04870000000005,2100.8712,8246.355080689202,2014,4.214,marmara
CANKIRI,80,88.8784,0,0,88.8784,577.10001,2014,6.493,ic_anadolu
CORUM,20,8.44,979.1,0,987.5400000000001,73.3,2014,0.074,karadeniz
DENIZLI,119,550.9305,0,0,550.9305,2665.04249928,2014,4.837,ege
DIYARBAKIR,224,789.2801000000001,0,12.23,801.5101000000001,2790.36201978,2014,3.535,guneydogu_anadolu
DUZCE,91,382.30350000000004,0,0.632,382.93550000000005,953.4340118030001,2014,2.494,karadeniz
EDIRNE,1,30,0,0,30,2.7,2014,0.09,marmara
ELAZIG,5,47.110099999999996,0,0,47.110099999999996,111.39900090999998,2014,2.365,dogu_anadolu
ERZINCAN,223,2627.5552999999986,0,558.9888,3186.5440999999987,10582.87819039,2014,4.028,dogu_anadolu
ERZURUM,2929,31452.056399999994,0,1376.2687700000001,32828.32517,132317.767805399,2014,4.207,dogu_anadolu
ESKISEHIR,8,81.3465,0,3.7699999999999996,85.1165,473.61500137799993,2014,5.822,ic_anadolu
GAZIANTEP,69,1996.4605000000001,0,40.141,2036.6015000000002,3989.8937938069994,2014,1.998,guneydogu_anadolu
GIRESUN,16,76.80600000000001,0,0,76.80600000000001,126.995,2014,1.653,karadeniz
GUMUSHANE,33,364.3299,0,64.9933,429.3232,2695.6229759,2014,7.399,karadeniz
HAKKARI,14,32.3,0,0,32.3,94.05000222000001,2014,2.912,dogu_anadolu
HATAY,25,928.0032,0,1.67,929.6732000000001,2335.7129019740005,2014,2.517,akdeniz
IGDIR,4,46.81679999999999,0,0,46.81679999999999,869.0999999000001,2014,18.564,dogu_anadolu
ISPARTA,117,514.4598,200,26.1946,740.6544,3151.8599909200007,2014,4.412,akdeniz
ISTANBUL,19,111.06410000000001,0,41.3107,152.3748,1434.6943960457997,2014,12.918,marmara
IZMIR,1161,6821.7386,137150,34.0353,144005.77390000003,50282.61283173639,2014,0.349,ege
KAHRAMANMARAS,10,78.19399999999999,0,4.0546,82.2486,15.499999809999998,2014,0.198,akdeniz
KARABUK,2,9.0377,0,0,9.0377,49.01499978009999,2014,5.423,karadeniz
KARAMAN,72,135.5582,0,0,135.5582,1014.296002021,2014,7.482,ic_anadolu
KARS,3345,38152.94747000001,0,28.6971,38181.64457000001,89898.25694912001,2014,2.356,dogu_anadolu
KASTAMONU,240,355.4671,80307,12.8492,80675.31629999999,6123.576992720002,2014,0.076,karadeniz
KAYSERI,6,77.9468,0,1.868,79.81479999999999,88.41199806999998,2014,1.134,ic_anadolu
KIRIKKALE,5,3.6175,0,0,3.6175,40.29100031200001,2014,11.138,ic_anadolu
KIRKLARELI,5,120.59880000000001,0,2.524,123.12280000000001,508.9079987207999,2014,4.22,marmara
KIRSEHIR,2,22.794399999999996,0,0.7,23.494399999999995,155.01399899979998,2014,6.801,ic_anadolu
KILIS,129,1359.1193999999996,0,0,1359.1193999999996,1821.7080118,2014,1.34,guneydogu_anadolu
KOCAELI,5,35.6654,207.5,6.345599999999999,249.511,165.00799876000005,2014,0.679,marmara
KONYA,449,754.96699,0,67.5568,822.52379,9162.845435654799,2014,12.137,ic_anadolu
KUTAHYA,34,72.1597,650,2.6875000000000004,724.8472,991.555000109,2014,1.373,ege
MALATYA,530,4009.9285000000004,0,262.0938,4272.0223000000005,7499.065978720001,2014,1.87,dogu_anadolu
MANISA,1178,6894.2973,300,103.6029,7297.900200000002,45020.684923722016,2014,6.258,ege
MARDIN,34,1081.2640000000001,0,0,1081.2640000000001,3326.6539949,2014,3.077,guneydogu_anadolu
MERSIN,211,1531.9902,99235,33.765,100800.75520000001,19370.3350832338,2014,0.192,akdeniz
MUGLA,141,1104.1576,9589,15.2844,10708.442000000003,2799.954995719,2014,0.262,ege
MUS,2626,28298.040499999992,0,530.75461,28828.795109999992,89712.61041211899,2014,3.17,dogu_anadolu
NEVSEHIR,2,14.1686,0,0,14.1686,172.6789987266,2014,12.187,ic_anadolu
NIGDE,277,837.294,1076.8,2.59,1916.684,19844.31999,2014,10.367,ic_anadolu
ORDU,429,1688.3368000000014,300,0,1988.3368000000014,4412.0364999998,2014,2.219,karadeniz
OSMANIYE,1,0,100,0,100,10,2014,0.1,akdeniz
RIZE,1409,1282.0007,0,0,1282.0007,2618.68879,2014,2.043,karadeniz
SAKARYA,29,147.5873,0,0.05,147.63729999999998,537.3940000136998,2014,3.641,marmara
SAMSUN,622,2264.6379,0,21.221900000000005,2285.8598,5650.433167731499,2014,2.495,karadeniz
SINOP,1,0,1160,0,1160,405,2014,0.349,karadeniz
SIVAS,513,7833.7089999999835,0,783.8370000000006,8617.545999999984,27960.1989691,2014,3.569,ic_anadolu
SANLIURFA,231,10647.889400000002,0,13.6322,10661.521600000002,42649.925539,2014,4.005,guneydogu_anadolu
TEKIRDAG,4,80.46879999999999,0,4.9894,85.45819999999999,426.3160002,2014,5.298,marmara
TOKAT,153,362.6924,1200,1.5194999999999999,1564.2119,6074.695530571001,2014,3.887,karadeniz
TRABZON,257,361.70840000000004,0,0,361.70840000000004,706.4259840589999,2014,1.953,karadeniz
TUNCELI,88,477.39479999999986,0,107.54435000000001,584.9391499999999,1919.7710307599998,2014,4.021,dogu_anadolu
USAK,47,145.49880000000002,0,2.777,148.2758,202.85000109,2014,1.394,ege
VAN,6339,75677.10432,0,2528.7734000000005,78205.87772,195396.96667725997,2014,2.582,dogu_anadolu
YALOVA,4,13.0265,0,1.1638,14.1903,318.47399799899995,2014,24.448,marmara
YOZGAT,2,102.9104,0,0,102.9104,107.85800110000001,2014,1.048,ic_anadolu
ZONGULDAK,878,1779.2125,0,0,1779.2125,2758.007490207201,2014,1.55,karadeniz
ADANA,176,910.3195,0,3.1745,913.4939999999999,10727.372473512998,2015,11.784,akdeniz
ADIYAMAN,81,541.2223,0,0,541.2223,3370.0945033298995,2015,6.227,guneydogu_anadolu
AFYONKARAHISAR,170,985.042,0,33.1893,1018.2312999999999,8427.408879412793,2015,8.555,ege
AGRI,1713,36038.05790000001,0,124.53679999999997,36162.59470000001,93235.98420592,2015,2.587,dogu_anadolu
AMASYA,29,62.34430000000001,220.6,0.29009999999999997,283.2344,626.1166994962,2015,2.213,karadeniz
ANKARA,46,3988.2546000000007,0,366.7258,4354.9804,24251.0097617542,2015,6.081,ic_anadolu
ANTALYA,33,268.0059600000001,6415.78484,2.9574999999999996,6686.7483,3370.6174200819996,2015,0.504,akdeniz
ARDAHAN,891,4847.6365000000005,0,36.33,4883.9665,11461.366841670002,2015,2.364,dogu_anadolu
ARTVIN,567,979.0965,0,0,979.0965,1957.7028,2015,1.999,karadeniz
AYDIN,5035,26767.224600000005,1220,4.9918,27992.216400000005,119999.81415581162,2015,4.288,ege
BALIKESIR,57,603.6231,537.4147,0.0596,1141.0974,1120.9302035493004,2015,0.982,marmara
BARTIN,23,2.9443,0,0,2.9443,8.98639978,2015,3.052,karadeniz
BATMAN,13,641.418,0,10.8,652.2180000000001,1632.36252,2015,2.545,guneydogu_anadolu
BAYBURT,122,1215.434099999999,0,138.9325,1354.366599999999,4383.469670359999,2015,3.607,karadeniz
BILECIK,51,77.8913,0,0.8001,78.6914,1897.990000123,2015,24.367,marmara
BITLIS,415,6578.906000000003,333,649.647,7561.5530000000035,24789.942289,2015,3.587,dogu_anadolu
BOLU,10,32.4216,0,97.6,130.0216,208.71130899,2015,6.437,karadeniz
BURDUR,21,182.2081,0,0.7415,182.94959999999998,1328.4158026299997,2015,7.291,akdeniz
BURSA,84,336.83629999999994,0,17.8674,354.70369999999997,2860.7395754050353,2015,8.493,marmara
CANAKKALE,331,1689.5052999999998,0,19.325499999999998,1708.8308,12659.326094110851,2015,7.493,marmara
CANKIRI,1,4.4998,0,0,4.4998,0.22499,2015,0.05,ic_anadolu
CORUM,1,0,979.1,0,979.1,19,2015,0.019,karadeniz
DENIZLI,97,537.1876,0,0,537.1876,2785.9408152420006,2015,5.186,ege
DIYARBAKIR,299,1905.1869000000002,0,7,1912.1869000000002,13128.8646422,2015,6.891,guneydogu_anadolu
DUZCE,108,390.33759999999995,0,0,390.33759999999995,1148.4604984700002,2015,2.942,karadeniz
EDIRNE,1,30,0,0,30,3.5,2015,0.117,marmara
ELAZIG,18,175.2144,0,11.4028,186.6172,416.50310187250005,2015,2.377,dogu_anadolu
ERZINCAN,201,2621.8871,0,148.11429999999996,2770.0014,6442.868718619001,2015,2.457,dogu_anadolu
ERZURUM,2943,37720.96409,0,1777.6076600000001,39498.57175,131214.64598923788,2015,3.479,dogu_anadolu
ESKISEHIR,10,60.289899999999996,0,9.65,69.9399,454.5268501727999,2015,7.539,ic_anadolu
GAZIANTEP,67,2200.6245999999996,0,6.965199999999999,2207.5897999999997,4413.852678040001,2015,2.006,guneydogu_anadolu
GIRESUN,19,132.91,0,0,132.91,235.449992,2015,1.771,karadeniz
GUMUSHANE,25,461.04709999999983,0,61.409199999999984,522.4562999999998,5296.04424689,2015,11.487,karadeniz
HATAY,41,414.05170000000004,0,0,414.05170000000004,2824.1291019090004,2015,6.821,akdeniz
IGDIR,5,14.973999999999997,0,0,14.973999999999997,278.1737799,2015,18.577,dogu_anadolu
ISPARTA,97,308.2549,0,6.4828,314.7377,1039.08908326999,2015,3.371,akdeniz
ISTANBUL,16,63.992000000000004,0,3.2672,67.25919999999999,730.501120067386,2015,11.416,marmara
IZMIR,1294,8478.2346,10656,10.3936,19144.6282,35784.08196217782,2015,1.87,ege
KAHRAMANMARAS,10,91.23979999999999,0,0.315,91.5548,60.8287229,2015,0.667,akdeniz
KARABUK,2,25.845700000000004,0,0.29850000000000004,26.144200000000005,66.98639971219997,2015,2.592,karadeniz
KARAMAN,75,261.12579999999997,0,1.2434,262.3692,1631.1937873299999,2015,6.247,ic_anadolu
KARS,3262,42971.259,0,79.6942,43050.9532,93799.6196597,2015,2.183,dogu_anadolu
KASTAMONU,90,130.87780000000004,0,18.368000000000002,149.24580000000003,1745.77003191,2015,13.339,karadeniz
KAYSERI,15,92.1234,0,1.5495,93.67290000000001,220.06921614020007,2015,2.389,ic_anadolu
KIRIKKALE,3,3.2346000000000004,0,0,3.2346000000000004,39.6317451301,2015,12.252,ic_anadolu
KIRKLARELI,8,102.85079999999999,211,4.4619,318.3127,535.2602203508002,2015,1.705,marmara
KIRSEHIR,1,26.10409999999999,0,0,26.10409999999999,72.27077490370999,2015,2.769,ic_anadolu
KILIS,171,1758.6961999999996,0,0,1758.6961999999996,4019.9975975001003,2015,2.286,guneydogu_anadolu
KOCAELI,5,31.028,0,1.3567,32.3847,79.38430020489996,2015,2.558,marmara
KONYA,618,751.1522000000001,0,40.1899,791.3421000000002,11941.634930498061,2015,15.898,ic_anadolu
KUTAHYA,100,261.25890000000004,0,3.29,264.5489,447.34158810199995,2015,1.712,ege
MALATYA,553,3632.8783,0,215.92299999999994,3848.8013,25613.561573152005,2015,7.05,dogu_anadolu
MANISA,1259,7480.382599999999,0,13.2,7493.582599999998,72807.74074598479,2015,9.733,ege
MARDIN,25,1155.9277,0,0,1155.9277,5483.593004098,2015,4.744,guneydogu_anadolu
MERSIN,241,968.5779,2500,5.5515,3474.1294000000003,5711.301094199899,2015,1.647,akdeniz
MUGLA,106,389.78,1700,1.4507999999999999,2091.2308000000003,1437.6544431780858,2015,0.688,ege
MUS,2036,26595.530599999995,0,164.7156,26760.246199999994,91198.25438590998,2015,3.429,dogu_anadolu
NEVSEHIR,5,30.167700000000004,0,1.7412,31.908900000000003,174.444303643,2015,5.782,ic_anadolu
NIGDE,248,528.9747,1076,0.72,1605.6947,33310.4767828,2015,20.755,ic_anadolu
ORDU,455,1579.4712,300,0,1879.4712,4740.528693070999,2015,2.522,karadeniz
RIZE,4016,1887.9945999999993,0,0,1887.9945999999993,8959.93858999,2015,4.746,karadeniz
SAKARYA,29,126.7539,0,0,126.7539,449.77103074634505,2015,3.548,marmara
SAMSUN,676,2086.5787999999993,0,0,2086.5787999999993,4200.088035233099,2015,2.013,karadeniz
SIVAS,508,7226.593300000009,0,1006.3969999999997,8232.990300000009,21471.79382766,2015,2.971,ic_anadolu
SANLIURFA,225,9198.4882,0,23.5279,9222.016099999999,38316.80449780001,2015,4.166,guneydogu_anadolu
TEKIRDAG,8,90.7515,0,4.9894,95.74090000000001,572.010769,2015,6.303,marmara
TOKAT,157,301.81280000000004,3050,2.6625,3354.4752999999996,5592.8664650785,2015,1.669,karadeniz
TRABZON,271,402.52809999999994,0,0,402.52809999999994,885.3478068000001,2015,2.199,karadeniz
TUNCELI,140,817.2881000000001,0,123.36620000000002,940.6543000000001,2140.75582988,2015,2.619,dogu_anadolu
USAK,10,37.1316,0,0.74,37.8716,100.07279080299999,2015,2.695,ege
VAN,5491,57761.1411,0,1970.5093000000002,59731.65039999999,188034.347595844,2015,3.255,dogu_anadolu
YALOVA,5,8.312,0,0.2941,8.6061,320.38099612100007,2015,38.544,marmara
YOZGAT,3,165.6545,0,5.4511,171.1056,1342.045798,2015,8.101,ic_anadolu
ZONGULDAK,794,1373.8042999999998,0,0,1373.8042999999998,2143.586350126899,2015,1.56,karadeniz
ADANA,202,1097.08,0,4.8843,1101.9643,15822.5533481,2016,14.422,akdeniz
ADIYAMAN,165,952.2331,0,0.735,952.9681,7088.3499048001,2016,7.444,guneydogu_anadolu
AFYONKARAHISAR,191,932.6366,0,285.4309,1218.0675,10836.772150702,2016,11.62,ege
AGRI,1590,34504.1623,0,29.7859,34533.9482,98160.917984,2016,2.845,dogu_anadolu
AKSARAY,1,10.28,0,0,10.28,0,2016,0,ic_anadolu
AMASYA,11,68.8891,253,0,321.8891,247.49728889359994,2016,0.769,karadeniz
ANKARA,52,2604.5298,0,49.2027,2653.7325,16625.6567124157,2016,6.383,ic_anadolu
ANTALYA,45,897.0722,4246.5,1.04,5144.6122,11995.424511116027,2016,2.332,akdeniz
ARDAHAN,631,5562.3079,0,18.0371,5580.345,15042.295049969998,2016,2.704,dogu_anadolu
ARTVIN,952,1198.1624,0,0,1198.1624,3138.012945,2016,2.619,karadeniz
AYDIN,8258,44941.6694,200,10.6439,45152.3133,213927.0732831876,2016,4.739,ege
BALIKESIR,83,1312.9517,537,0,1849.9517,2032.260004131,2016,1.099,marmara
BARTIN,41,75.9407,70,0,145.9407,150.0605362,2016,1.028,karadeniz
BATMAN,7,235.9204,0,14.1874,250.1078,782.03593,2016,3.315,guneydogu_anadolu
BAYBURT,110,1124.2935,0,119.3501,1243.6436,3733.2946520299997,2016,3.321,karadeniz
BILECIK,71,87.2715,0,0,87.2715,1485.331784220998,2016,17.02,marmara
BITLIS,398,6234.7241,1010,529.5809,7774.305,20785.20515704,2016,2.869,dogu_anadolu
BOLU,6,24.9883,0,0,24.9883,233.4953997,2016,9.344,karadeniz
BURDUR,23,248.4076,408,0,656.4076,461.49472360000107,2016,0.703,akdeniz
BURSA,92,282.0101,0,20.8655,302.8756,3016.559313997366,2016,10.697,marmara
CANAKKALE,370,2511.1068,0,160.5609,2671.6677,9823.549408507002,2016,3.912,marmara
CANKIRI,1,4.4998,0,0,4.4998,0.539976,2016,0.12,ic_anadolu
CORUM,23,9.9927,50,0,59.9927,9.97707021,2016,0.166,karadeniz
DENIZLI,162,643.5731,0,52.9491,696.5222,7684.179900099897,2016,11.94,ege
DIYARBAKIR,578,1265.37,0,130.3794,1395.7494,7859.541269109999,2016,6.211,guneydogu_anadolu
DUZCE,90,340.6266,0,0,340.6266,1154.519957799,2016,3.389,karadeniz
EDIRNE,1,30,0,0,30,192.25,2016,6.408,marmara
ELAZIG,89,652.5141,0,13.9995,666.5136,1802.4027697230003,2016,2.762,dogu_anadolu
ERZINCAN,206,2735.5143,0,68.5981,2804.1124,6188.048713000001,2016,2.262,dogu_anadolu
ERZURUM,2599,30768.9389,0,1501.5356,32270.4745,122743.06973931,2016,3.989,dogu_anadolu
ESKISEHIR,12,57.1263,0,1.3699,58.4962,425.0619086987987,2016,7.441,ic_anadolu
GAZIANTEP,85,1214.8753,0,0,1214.8753,5471.985883189999,2016,4.504,guneydogu_anadolu
GIRESUN,20,130.9988,0,0,130.9988,294.84299,2016,2.251,karadeniz
GUMUSHANE,25,404.6601,0,52.0512,456.7113,5906.72506019,2016,14.597,karadeniz
HATAY,59,673.1871,694,0,1367.1871,3572.3711701418,2016,2.613,akdeniz
IGDIR,3,1.8965,0,2.3802,4.2767,3.4137001,2016,1.8,dogu_anadolu
ISPARTA,88,302.6235,1100,3.3665,1405.99,1937.8851607010872,2016,1.382,akdeniz
ISTANBUL,19,51.4856,0,21.6969,73.1825,515.4855701260209,2016,10.012,marmara
IZMIR,1953,11634.2474,14320,31.8192,25986.0666,63550.08513501611,2016,2.449,ege
KAHRAMANMARAS,23,186.8557,0,5.5001,192.3558,573.095818180004,2016,3.067,akdeniz
KARABUK,2,26.8758,0,0.4162,27.292,44.02591990701001,2016,1.638,karadeniz
KARAMAN,144,576.721,0,5.3477,582.0687,2824.131348813,2016,4.897,ic_anadolu
KARS,3220,44583.9997,0,17.7306,44601.7303,97315.592339,2016,2.183,dogu_anadolu
KASTAMONU,15,125.7268,0,0,125.7268,809.4994812090001,2016,6.439,karadeniz
KAYSERI,35,114.2111,0,0,114.2111,574.6776955740002,2016,5.032,ic_anadolu
KIRIKKALE,3,4.6553,0,0,4.6553,63.03909994199999,2016,13.541,ic_anadolu
KIRKLARELI,5,23.0327,0,0.4119,23.4446,47.9882540904,2016,2.083,marmara
KIRSEHIR,2,32.7841,0,0,32.7841,69.279980028,2016,2.113,ic_anadolu
KILIS,228,2028.8515,0,0,2028.8515,3615.5377498,2016,1.782,guneydogu_anadolu
KOCAELI,5,46.4074,0,0,46.4074,271.69457331979993,2016,5.855,marmara
KONYA,529,1350.5956,0,9.8702,1360.4658,18278.923999723993,2016,13.534,ic_anadolu
KUTAHYA,103,324.7056,0,2.65,327.3556,2606.95433,2016,8.029,ege
MALATYA,629,4346.8686,0,165.1748,4512.0434,87237.08100876097,2016,20.069,dogu_anadolu
MANISA,1359,8673.5399,4520,19.5178,13213.0577,102589.94998041,2016,7.776,ege
MARDIN,29,1268.3703,0,0,1268.3703,8573.850525999998,2016,6.76,guneydogu_anadolu
MERSIN,279,1527.5703,709,3.5994,2240.1697,7870.869866541123,2016,3.519,akdeniz
MUGLA,575,3448.1622,2200,1.9737,5650.1359,9881.9417463592,2016,1.75,ege
MUS,2034,28162.3282,0,106.0337,28268.3619,244097.900517001,2016,8.668,dogu_anadolu
NEVSEHIR,5,31.2767,0,0,31.2767,614.8916506651,2016,19.66,ic_anadolu
NIGDE,258,659.1693,1034,48.2635,1741.4328,37414.67466298999,2016,22.097,ic_anadolu
ORDU,504,1753.1539,650,0,2403.1539,8982.6618557,2016,3.738,karadeniz
OSMANIYE,1,0,100,0,100,10,2016,0.1,akdeniz
RIZE,7902,4318.6922,0,0,4318.6922,68513.67617361998,2016,15.864,karadeniz
SAKARYA,27,129.4435,0,0,129.4435,445.79013720842784,2016,3.444,marmara
SAMSUN,788,2304.4694,0,15.9741,2320.4435,4480.386482245,2016,1.944,karadeniz
SIVAS,376,7059.688,0,706.768,7766.456,16796.753182251,2016,2.379,ic_anadolu
SANLIURFA,250,9465.2002,0,4.0976,9469.2978,36659.5967499,2016,3.873,guneydogu_anadolu
TEKIRDAG,15,112.421,0,4.9894,117.4104,584.781298,2016,5.202,marmara
TOKAT,277,813.3399,2004,55.201,2872.5409,17377.364809122002,2016,6.168,karadeniz
TRABZON,962,738.6377,0,0.64,739.2777,1881.73813725,2016,2.548,karadeniz
TUNCELI,143,645.3266,0,216.5329,861.8595,1913.39784809,2016,2.965,dogu_anadolu
USAK,15,72.1288,0,0.18,72.3088,155.192227,2016,2.152,ege
VAN,5145,56693.0464,0,1438.5064,58131.5528,176284.7719306,2016,3.109,dogu_anadolu
YALOVA,5,10.3767,0,0,10.3767,251.04869973379996,2016,24.194,marmara
YOZGAT,3,158.5845,0,5.0132,163.5977,225.6237011,2016,1.423,ic_anadolu
ZONGULDAK,784,1331.2825,0,0,1331.2825,2467.005599631399,2016,1.853,karadeniz
ADANA,198,1197.3696,0,6.9253,1204.2949,13914.165817709998,2017,11.621,akdeniz
ADIYAMAN,201,1220.5554,0,0,1220.5554,12868.099442,2017,10.543,guneydogu_anadolu
AFYONKARAHISAR,350,1467.5202,0,170.4543,1637.9744999999998,12288.772380220229,2017,8.374,ege
AGRI,1529,33341.1283,0,118.55,33459.6783,92448.3494191,2017,2.773,dogu_anadolu
AKSARAY,1,10.28,0,0,10.28,2.6400001,2017,0.257,ic_anadolu
AMASYA,12,75.2237,248.95,0,324.1737,235.22516349132005,2017,0.726,karadeniz
ANKARA,55,3305.6202,0,153.8853,3459.5054999999998,16153.6862150828,2017,4.887,ic_anadolu
ANTALYA,44,611.1273,3044.9788,1.04,3657.1461,5320.298142264412,2017,1.455,akdeniz
ARDAHAN,632,5840.9606,0,16.7368,5857.6974,15003.120079999999,2017,2.569,dogu_anadolu
ARTVIN,1197,1333.8379,0,0,1333.8379,3205.95920003,2017,2.404,karadeniz
AYDIN,10573,54311.7693,811.8429,1.3154,55124.9276,288330.0882487678,2017,5.231,ege
BALIKESIR,108,1510.0625,537.4147,0,2047.4772,3182.9017540889986,2017,1.555,marmara
BARTIN,40,25.9257,2433,0,2458.9257,1373.8197849009998,2017,0.559,karadeniz
BATMAN,7,244,0,5.6676,249.6676,608.426084999,2017,2.494,guneydogu_anadolu
BAYBURT,44,309.5523,0,9.4737,319.026,1044.067484,2017,3.373,karadeniz
BILECIK,75,89.988,0,0,89.988,1829.8955806199979,2017,20.335,marmara
BITLIS,369,5812.8858,0,332.7314,6145.6172,17902.57683121,2017,3.08,dogu_anadolu
BOLU,7,20.094,0,0,20.094,438.9504590000001,2017,21.845,karadeniz
BURDUR,18,236.283,0,0,236.283,756.78514981,2017,3.203,akdeniz
BURSA,105,287.1508,0,9.5072,296.658,2878.9016028712103,2017,10.026,marmara
CANAKKALE,417,3172.0596,0,16.5564,3188.616,11255.4309259455,2017,3.548,marmara
CANKIRI,1,4.4998,0,0,4.4998,4.4998002,2017,1,ic_anadolu
CORUM,29,14.2909,0,0,14.2909,98.57716799,2017,6.898,karadeniz
DENIZLI,227,977.7299,0,52.8512,1030.5811,11338.565894209998,2017,11.597,ege
DIYARBAKIR,715,1721.0866,0,49.5273,1770.6139,7878.87756404,2017,4.578,guneydogu_anadolu
DUZCE,98,375.4733,0,0,375.4733,1379.47760871,2017,3.674,karadeniz
EDIRNE,4,22.42,0,0,22.42,8.7551003,2017,0.391,marmara
ELAZIG,110,812.7732,0,19.9973,832.7705,3227.6651851129996,2017,3.971,dogu_anadolu
ERZINCAN,206,2777.6042,0,56.6175,2834.2217,7987.571654890001,2017,2.876,dogu_anadolu
ERZURUM,2347,28831.9321,0,727.6931,29559.625200000002,127403.31820600202,2017,4.419,dogu_anadolu
ESKISEHIR,12,55.8699,0,2.3,58.1699,355.33273382599,2017,6.36,ic_anadolu
GAZIANTEP,105,1456.2985,0,8.5595,1464.8580000000002,13063.9081387,2017,8.971,guneydogu_anadolu
GIRESUN,17,82.2183,0,0,82.2183,169.35172,2017,2.06,karadeniz
HATAY,50,607.2907,0,0,607.2907,2599.984835931,2017,4.281,akdeniz
IGDIR,1,1.1729,0,0,1.1729,2.3457999,2017,2,dogu_anadolu
ISPARTA,92,228.992,0,15.6356,244.6276,2058.7553203070097,2017,8.991,akdeniz
ISTANBUL,14,45.0884,0,24.0837,69.1721,379.6375468914998,2017,8.42,marmara
IZMIR,2496,13389.359,0,27.1888,13416.5478,57826.13772934511,2017,4.319,ege
KAHRAMANMARAS,28,161.3144,0,0,161.3144,1275.9611111,2017,7.91,akdeniz
KARABUK,1,1.4155,0,0,1.4155,8.843600037,2017,6.248,karadeniz
KARAMAN,189,668.34,0,0.1322,668.4722,8216.386022402998,2017,12.294,ic_anadolu
KARS,3212,46399.0391,0,29.9466,46428.985700000005,107140.92669621,2017,2.309,dogu_anadolu
KASTAMONU,9,175.0124,8229.5154,10.1266,8414.6544,15065.664320240001,2017,1.793,karadeniz
KAYSERI,30,112.3735,0,0.5044,112.87790000000001,384.2451493830001,2017,3.419,ic_anadolu
KIRIKKALE,3,6.5741,0,0.1457,6.719799999999999,39.420799785700005,2017,5.996,ic_anadolu
KIRKLARELI,7,29.8363,0,0.6319,30.468200000000003,101.804799868,2017,3.412,marmara
KIRSEHIR,3,53.7959,4,0,57.7959,138.54462316000001,2017,2.397,ic_anadolu
KILIS,359,2828.5251,0,8.7144,2837.2394999999997,11839.577672000001,2017,4.186,guneydogu_anadolu
KOCAELI,4,43.7253,0,0,43.7253,252.22299810980002,2017,5.768,marmara
KONYA,543,1305.2051,0,20.1247,1325.3298,15908.1479451854,2017,12.188,ic_anadolu
KUTAHYA,114,404.3084,0,2.4501,406.7585,2749.022670008,2017,6.799,ege
MALATYA,838,5401.664,0,194.2674,5595.9313999999995,47512.801037590005,2017,8.796,dogu_anadolu
MANISA,1488,9547.6498,0,26.8819,9574.5317,117812.657057429,2017,12.339,ege
MARDIN,88,1710.2181,0,0,1710.2181,12213.380080799998,2017,7.141,guneydogu_anadolu
MERSIN,278,1277.4747,0,11.4301,1288.9048,12097.85314409,2017,9.47,akdeniz
MUGLA,859,4431.3654,421.255,5.0364,4857.6568,15248.9686537216,2017,3.142,ege
MUS,1971,28165.4575,0,51.2228,28216.6803,58419.27907811001,2017,2.074,dogu_anadolu
NEVSEHIR,5,25.5766,0,0,25.5766,232.3362652119001,2017,9.084,ic_anadolu
NIGDE,324,1082.9722,3926,50.0434,5059.0156,136165.52174983002,2017,27.184,ic_anadolu
ORDU,563,1880.6513,0,0,1880.6513,2633.0947742110006,2017,1.4,karadeniz
RIZE,9573,4704.39,0,0,4704.39,19996.229523309998,2017,4.251,karadeniz
SAKARYA,34,140.078,0,0,140.078,469.4984837520001,2017,3.352,marmara
SAMSUN,923,3163.89,0,0,3163.89,11403.696126530001,2017,3.604,karadeniz
SINOP,1,0,2490.6582,0,2490.6582,10483.02490599996,2017,4.209,karadeniz
SIVAS,412,8015.4337,0,750.7735,8766.207199999999,12314.056619998966,2017,1.536,ic_anadolu
SANLIURFA,229,8604.2961,0,40.8306,8645.126699999999,41451.12840989001,2017,4.817,guneydogu_anadolu
TEKIRDAG,5,105.5309,0,0,105.5309,364.749909,2017,3.456,marmara
TOKAT,286,668.4725,0,46.6966,715.1691,1703.145376774,2017,2.548,karadeniz
TRABZON,1018,881.6701,0,0.64,882.3101,1762.650048901,2017,1.999,karadeniz
TUNCELI,155,841.3525,0,113.5751,954.9276,3312.56487809,2017,3.937,dogu_anadolu
USAK,19,130.2644,0,1.11,131.3744,242.7680809991,2017,1.864,ege
VAN,4983,55555.4977,0,1094.8503,56650.348,201957.07476781,2017,3.635,dogu_anadolu
YALOVA,3,7.2562,0,0,7.2562,88.77650208999997,2017,12.235,marmara
YOZGAT,4,183.0145,0,0,183.0145,280.09100008800004,2017,1.53,ic_anadolu
ZONGULDAK,729,1311.4987,0,0,1311.4987,2802.007451939798,2017,2.136,karadeniz
ADANA,81,705.4714,7904.5601,3.2754,8613.3069,21407.33050369,2018,2.486,akdeniz
ADIYAMAN,535,3154.059,0,2.5298,3156.5888,16147.303010199998,2018,5.12,guneydogu_anadolu
AFYONKARAHISAR,563,2033.3785,0,231.0908,2264.4693,22788.411038886632,2018,11.207,ege
AGRI,1439,31914.724,0.4321,43.9952,31959.1513,90065.93388890002,2018,2.822,dogu_anadolu
AKSARAY,1,16.1749,0,0,16.1749,32.3498,2018,2,ic_anadolu
AMASYA,9,71.0469,6.6639,0,77.7108,408.85909960761,2018,5.261,karadeniz
ANKARA,71,3710.2854,0,196.1457,3906.4311,17132.31210423362,2018,4.618,ic_anadolu
ANTALYA,36,1216.566,424.6,3.1057,1644.2717,1363.2934166000002,2018,0.831,akdeniz
ARDAHAN,638,5933.4596,0,1.5688,5935.0284,17831.36428,2018,3.005,dogu_anadolu
ARTVIN,1233,1427.4323,0,0,1427.4323,3332.0590001,2018,2.334,karadeniz
AYDIN,11219,56174.3474,1146.1308,7.3375,57327.8157,297378.4444058787,2018,5.188,ege
BALIKESIR,120,1677.2152,0,0,1677.2152,2115.105,2018,1.261,marmara
BARTIN,84,60.6747,0,7.7525,68.4272,148.31880041,2018,2.444,karadeniz
BATMAN,9,300.9075,0,8.2457,309.1532,1126.2202900099899,2018,3.743,guneydogu_anadolu
BAYBURT,20,115.5905,0,0,115.5905,277.14130201,2018,2.398,karadeniz
BILECIK,64,68.5921,0,0,68.5921,898.8450098800001,2018,13.104,marmara
BITLIS,366,5960.2213,0,163.8435,6124.0648,18482.42337642,2018,3.101,dogu_anadolu
BOLU,8,206.6162,5001.956,0.516,5209.0882,6435.32539,2018,1.236,karadeniz
BURDUR,17,228.0416,0,1.258,229.2996,555.68559971,2018,2.437,akdeniz
BURSA,96,256.7513,0,4.9378,261.6891,1942.0632269225991,2018,7.564,marmara
CANAKKALE,489,3332.1463,0,23.063,3355.2093,10980.3835461995,2018,3.295,marmara
CANKIRI,1,4.4998,0,0,4.4998,4.4998002,2018,1,ic_anadolu
CORUM,23,79.6441,3582.3065,0,3661.9506,4453.06569898,2018,1.216,karadeniz
DENIZLI,246,1000.7859,0,57.085,1057.8709,10760.927677,2018,10.752,ege
DIYARBAKIR,763,1757.6513,0,64.8227,1822.474,5427.573487919999,2018,3.088,guneydogu_anadolu
DUZCE,115,417.5659,0,0,417.5659,1433.3836001230002,2018,3.433,karadeniz
EDIRNE,4,22.42,0,0,22.42,22,2018,0.981,marmara
ELAZIG,193,1886.6672,0,27.2646,1913.9318,8684.804950030002,2018,4.603,dogu_anadolu
ERZINCAN,215,2624.817,0,13.8455,2638.6625,7741.75258899,2018,2.949,dogu_anadolu
ERZURUM,2249,27763.4121,0.8553,768.095,28532.3624,109849.517901882,2018,3.957,dogu_anadolu
ESKISEHIR,13,78.3221,0,101.7236,180.0457,659.6018028519,2018,8.422,ic_anadolu
GAZIANTEP,122,1692.0608,0,1.9002,1693.961,6439.04149798,2018,3.805,guneydogu_anadolu
GIRESUN,15,85.0339,0,0,85.0339,105.24019581,2018,1.238,karadeniz
GUMUSHANE,1,0.5072,0,0,0.5072,10.5,2018,20.702,karadeniz
HATAY,84,817.27,0,13.081,830.351,4123.004791392999,2018,5.045,akdeniz
IGDIR,2,8.8358,0,0,8.8358,17.6715998,2018,2,dogu_anadolu
ISPARTA,69,154.8366,0,0.7178,155.5544,2537.2990977400004,2018,16.387,akdeniz
ISTANBUL,16,52.6199,0,23.9501,76.57,606.5402008568897,2018,11.527,marmara
IZMIR,2703,14448.4707,0,37.1773,14485.648,62569.364,2018,4.331,ege
KAHRAMANMARAS,42,625.3565,2053.1856,2.5,2681.0421,7449.116486000001,2018,2.781,akdeniz
KARAMAN,0,0,0,0,0,2090.507292113,2018,Inf,ic_anadolu
KARS,198,485.3976,0,0.8515,486.2491,106160.68211791001,2018,218.709,dogu_anadolu
KASTAMONU,3430,50459.2968,0,49.9128,50509.2096,64708.044976050995,2018,1.282,karadeniz
KAYSERI,8,1108.3128,52663.6016,0,53771.9144,452.00699950110015,2018,0.008,ic_anadolu
KIRIKKALE,31,152.7973,0,0,152.7973,78.12600065170001,2018,0.511,ic_anadolu
KIRKLARELI,3,6.9018,0,0.0317,6.9335,66.94989922,2018,9.7,marmara
KIRSEHIR,10,34.4821,0,4.3421,38.8242,114.021298743,2018,3.307,ic_anadolu
KILIS,2,56.061,0,0,56.061,59671.305900071,2018,1064.4,guneydogu_anadolu
KOCAELI,433,2962.7452,0,0,2962.7452,195.1647997541001,2018,0.066,marmara
KONYA,5,46.7643,0,0.942,47.7063,21341.8147966953,2018,456.37,ic_anadolu
KUTAHYA,594,1528.7421,0,36.8324,1565.5745,4265.68599081,2018,2.79,ege
MALATYA,121,460.8375,1781.863,2.4501,2245.1506,55817.10968989,2018,24.888,dogu_anadolu
MANISA,993,6336.9266,0,153.0708,6489.9974,147358.67263314401,2018,23.254,ege
MARDIN,2293,12831.4626,0,36.0949,12867.5575,12031.5910091,2018,0.938,guneydogu_anadolu
MERSIN,103,1776.6961,0,0,1776.6961,448,2018,0.252,akdeniz
MERSIN,260,1135.9273,0,4.4269,1140.3542,6965.742323600001,2018,6.132,akdeniz
MUGLA,870,4456.7624,8131.3018,2.9985,12591.0627,14923.09691777642,2018,1.185,ege
MUS,2038,28900.174,0.9199,63.7984,28964.8923,65873.29962589999,2018,2.279,dogu_anadolu
NEVSEHIR,7,32.9769,0,2.9069,35.8838,371.1966002709001,2018,11.256,ic_anadolu
NIGDE,328,1328.3185,0,90.9301,1419.2486,134750.753,2018,101.445,ic_anadolu
ORDU,606,2019.9152,0,0,2019.9152,4342.612999930001,2018,2.15,karadeniz
RIZE,10147,4603.4512,0.1544,0,4603.6056,24750.183689832007,2018,5.376,karadeniz
SAKARYA,44,183.0394,0,0,183.0394,535.9546011920002,2018,2.928,marmara
SAMSUN,1013,3343.646,0,0.23,3343.876,12538.096787250004,2018,3.75,karadeniz
SINOP,4,198.365,4181.4691,0,4379.8341,13799.276,2018,3.151,karadeniz
SIVAS,371,7470.2769,5.4771,487.9132,7963.6672,14283.916383231,2018,1.911,ic_anadolu
SANLIURFA,210,7812.577,0,51.2115,7863.7885,41977.6266591,2018,5.373,guneydogu_anadolu
TEKIRDAG,3,56.2082,0,0,56.2082,198.8699101,2018,3.538,marmara
TOKAT,241,684.7806,0,16.1037,700.8843,1881.2736525230002,2018,2.747,karadeniz
TRABZON,1116,952.9118,0,0,952.9118,2536.486689904,2018,2.662,karadeniz
TUNCELI,181,901.7595,0,133.2299,1034.9894,2596.21887415002,2018,2.879,dogu_anadolu
USAK,10,59.2157,0,3.5198,62.7355,125.2992042,2018,2.116,ege
VAN,4203,49766.0097,0,758.9176,50524.9273,130094.6139951,2018,2.614,dogu_anadolu
YALOVA,3,6.3055,0,0,6.3055,158.50400025979997,2018,25.137,marmara
YOZGAT,4,181.1033,0,0,181.1033,146.60570141,2018,0.81,ic_anadolu
ZONGULDAK,809,1463.9181,0,0,1463.9181,3375.8873997861897,2018,2.306,karadeniz
